REGISTRATION TYPE,ENTITY TYPE,ENTITY,GST NO,STATE,CATEGORY,PLASTIC TYPE,INVOICE No,RECYCLED CONTENT %,BANK ACCOUNT  NO,IFSC,Sum of QTY  MT,Sum of GST PAID,EPR,EPR Invoice Number,Status,Upload Status,datetime,message
Registered,PRODUCER,UFLEX LIMITED,01AAACF0109J1ZE,JAMMU AND KASHMIR,CAT 2,PET,AF130252601336,90,4441008700000569,PUNB0444100,0.6525,15268.5,,9419115705,Filled,"Failed: locator.waitFor: Target page, context or browser has been closed
Call log:
[2m  - waiting for locator('input[type=""text""].form-control.w-60, input[type=""text""][checkregex]').last() to be visible[22m",2026-04-23T12:41:56.655Z,"locator.waitFor: Target page, context or browser has been closed
Call log:
[2m  - waiting for locator('input[type=""text""].form-control.w-60, input[type=""text""][checkregex]').last() to be visible[22m
"
Registered,PRODUCER,UFLEX LIMITED,01AAACF0109J1ZE,JAMMU AND KASHMIR,CAT 2,PET,AF130252601336,90,4441008700000569,PUNB0444100,0.6525,15268.5,,202604238175587,Filled,"Failed: locator.waitFor: Timeout 30000ms exceeded.
Call log:
[2m  - waiting for locator('input[type=""text""].form-control.w-60, input[type=""text""][checkregex]').last() to be visible[22m
[2m    62 × locator resolved to hidden <input type=""text"" checkregex="""" kluserinputvalidator="""" _ngcontent-ng-c1973799827="""" placeholder=""Search GST E-Invoice No"" class=""form-control border ng-untouched ng-pristine ng-valid""/>[22m",2026-04-23T12:47:03.559Z,"locator.waitFor: Timeout 30000ms exceeded.
Call log:
[2m  - waiting for locator('input[type=""text""].form-control.w-60, input[type=""text""][checkregex]').last() to be visible[22m
[2m    62 × locator resolved to hidden <input type=""text"" checkregex="""" kluserinputvalidator="""" _ngcontent-ng-c1973799827="""" placeholder=""Search GST E-Invoice No"" class=""form-control border ng-untouched ng-pristine ng-valid""/>[22m
"
Registered,PRODUCER,UFLEX LIMITED,01AAACF0109J1ZE,JAMMU AND KASHMIR,CAT 2,PET,AF130252601730,90,4441008700000569,PUNB0444100,2.1256999999999997,48593.5,,202604238175657,Filled,"Failed: locator.waitFor: Timeout 30000ms exceeded.
Call log:
[2m  - waiting for locator('input[type=""text""].form-control.w-60, input[type=""text""][checkregex]').last() to be visible[22m
[2m    61 × locator resolved to hidden <input type=""text"" checkregex="""" kluserinputvalidator="""" _ngcontent-ng-c1973799827="""" placeholder=""Search GST E-Invoice No"" class=""form-control border ng-untouched ng-pristine ng-valid""/>[22m",2026-04-23T12:47:34.214Z,"locator.waitFor: Timeout 30000ms exceeded.
Call log:
[2m  - waiting for locator('input[type=""text""].form-control.w-60, input[type=""text""][checkregex]').last() to be visible[22m
[2m    61 × locator resolved to hidden <input type=""text"" checkregex="""" kluserinputvalidator="""" _ngcontent-ng-c1973799827="""" placeholder=""Search GST E-Invoice No"" class=""form-control border ng-untouched ng-pristine ng-valid""/>[22m
"
Registered,PRODUCER,UFLEX LIMITED,01AAACF0109J1ZE,JAMMU AND KASHMIR,CAT 2,PET,AF130252601785,90,4441008700000569,PUNB0444100,2.1444,49020.979999999996,,202604238175704,Filled,"Failed: locator.waitFor: Target page, context or browser has been closed
Call log:
[2m  - waiting for locator('input[type=""text""].form-control.w-60, input[type=""text""][checkregex]').last() to be visible[22m
[2m    47 × locator resolved to hidden <input type=""text"" checkregex="""" kluserinputvalidator="""" _ngcontent-ng-c1973799827="""" placeholder=""Search GST E-Invoice No"" class=""form-control border ng-untouched ng-pristine ng-valid""/>[22m",2026-04-23T12:47:56.891Z,"locator.waitFor: Target page, context or browser has been closed
Call log:
[2m  - waiting for locator('input[type=""text""].form-control.w-60, input[type=""text""][checkregex]').last() to be visible[22m
[2m    47 × locator resolved to hidden <input type=""text"" checkregex="""" kluserinputvalidator="""" _ngcontent-ng-c1973799827="""" placeholder=""Search GST E-Invoice No"" class=""form-control border ng-untouched ng-pristine ng-valid""/>[22m
"
Registered,PRODUCER,UFLEX LIMITED,01AAACF0109J1ZE,JAMMU AND KASHMIR,CAT 2,PET,AF130252601336,90,4441008700000569,PUNB0444100,0.6525,15268.5,,202604238175587,Filled,"Failed: locator.waitFor: Timeout 20000ms exceeded.
Call log:
[2m  - waiting for locator('#ScrollableSimpleTableBody tr').filter({ hasText: '202604238175587' }).first() to be visible[22m",2026-04-23T12:51:18.861Z,"locator.waitFor: Timeout 20000ms exceeded.
Call log:
[2m  - waiting for locator('#ScrollableSimpleTableBody tr').filter({ hasText: '202604238175587' }).first() to be visible[22m
"
Registered,PRODUCER,UFLEX LIMITED,01AAACF0109J1ZE,JAMMU AND KASHMIR,CAT 2,PET,AF130252601730,90,4441008700000569,PUNB0444100,2.1256999999999997,48593.5,,202604238175657,Filled,Invoice Uploaded,2026-04-23T12:51:22.836Z,"×
Success
Invoice receipt updated successfully
×
Success
data fetch success"
Registered,PRODUCER,UFLEX LIMITED,01AAACF0109J1ZE,JAMMU AND KASHMIR,CAT 2,PET,AF130252601785,90,4441008700000569,PUNB0444100,2.1444,49020.979999999996,,202604238175704,Filled,Invoice Uploaded,2026-04-23T12:51:26.807Z,"×
Success
data fetch success
×
Success
Invoice receipt updated successfully"
Registered,PRODUCER,UFLEX LIMITED,01AAACF0109J1ZE,JAMMU AND KASHMIR,CAT 2,PET,AF130252601798,90,4441008700000569,PUNB0444100,9.3034,212675.72,,202604238175727,Filled,Invoice Uploaded,2026-04-23T12:51:30.541Z,"×
Success
Invoice receipt updated successfully
×
Success
data fetch success"
Registered,PRODUCER,UFLEX LIMITED,01AAACF0109J1ZE,JAMMU AND KASHMIR,CAT 2,PET,AF130252601906,90,4441008700000569,PUNB0444100,2.1439,49009.56,,202604238175728,Filled,Invoice Uploaded,2026-04-23T12:51:34.290Z,"×
Success
data fetch success
×
Success
Invoice receipt updated successfully"
Registered,PRODUCER,UFLEX LIMITED,01AAACF0109J1ZE,JAMMU AND KASHMIR,CAT 2,PET,AF130252601940,90,4441008700000569,PUNB0444100,6.60315,156033.56,,202604238175733,Filled,Invoice Uploaded,2026-04-23T12:51:38.017Z,"×
Success
Invoice receipt updated successfully
×
Success
data fetch success"
Registered,PRODUCER,UFLEX LIMITED,01AAACF0109J1ZE,JAMMU AND KASHMIR,CAT 2,PET,AF130252601981,90,4441008700000569,PUNB0444100,8.89041,235240.26,,202604238175740,Filled,Invoice Uploaded,2026-04-23T12:51:41.742Z,"×
Success
data fetch success
×
Success
Invoice receipt updated successfully"
Registered,PRODUCER,UFLEX LIMITED,01AAACF0109J1ZE,JAMMU AND KASHMIR,CAT 2,PET,AF130252602029,90,4441008700000569,PUNB0444100,2.02805,53662.2,,202604238175741,Filled,Invoice Uploaded,2026-04-23T12:51:45.470Z,"×
Success
Invoice receipt updated successfully
×
Success
data fetch success"
Registered,PRODUCER,UFLEX LIMITED,01AAACF0109J1ZE,JAMMU AND KASHMIR,CAT 2,PET,AF130252602030,90,4441008700000569,PUNB0444100,4.6243099999999995,122359.26000000001,,202604238175744,Filled,Invoice Uploaded,2026-04-23T12:51:49.346Z,"×
Success
data fetch success
×
Success
Invoice receipt updated successfully"
Registered,PRODUCER,UFLEX LIMITED,01AAACF0109J1ZE,JAMMU AND KASHMIR,CAT 2,PET,AF130252602081,90,4441008700000569,PUNB0444100,4.9915,112308.76,,202604238175760,Filled,Invoice Uploaded,2026-04-23T12:51:53.117Z,"×
Success
Invoice receipt updated successfully
×
Success
data fetch success"
Registered,PRODUCER,UFLEX LIMITED,01AAACF0109J1ZE,JAMMU AND KASHMIR,CAT 2,PET,AF130252602148,90,4441008700000569,PUNB0444100,5.702,128295,,202604238175770,Filled,"Failed: page.waitForTimeout: Target page, context or browser has been closed",2026-04-23T12:51:54.652Z,"page.waitForTimeout: Target page, context or browser has been closed"
Registered,PRODUCER,UFLEX LIMITED,01AAACF0109J1ZE,JAMMU AND KASHMIR,CAT 2,PET,AF130252602161,90,4441008700000569,PUNB0444100,1.4194,31936.5,,202604238175777,Filled,"Failed: locator.waitFor: Target page, context or browser has been closed",2026-04-23T12:51:54.867Z,"locator.waitFor: Target page, context or browser has been closed"
Registered,PRODUCER,UFLEX LIMITED,01AAACF0109J1ZE,JAMMU AND KASHMIR,CAT 2,PET,AF130252601336,90,4441008700000569,PUNB0444100,0.6525,15268.5,,202604238175587,Filled,"Failed: locator.waitFor: Timeout 20000ms exceeded.
Call log:
[2m  - waiting for locator('#ScrollableSimpleTableBody tr').filter({ hasText: '202604238175587' }).first() to be visible[22m",2026-04-23T12:54:28.957Z,"locator.waitFor: Timeout 20000ms exceeded.
Call log:
[2m  - waiting for locator('#ScrollableSimpleTableBody tr').filter({ hasText: '202604238175587' }).first() to be visible[22m
"
Registered,PRODUCER,UFLEX LIMITED,01AAACF0109J1ZE,JAMMU AND KASHMIR,CAT 2,PET,AF130252602148,90,4441008700000569,PUNB0444100,5.702,128295,,202604238175770,Filled,Invoice Uploaded,2026-04-23T12:54:32.993Z,"×
Success
Invoice receipt updated successfully
×
Success
data fetch success"
Registered,PRODUCER,UFLEX LIMITED,01AAACF0109J1ZE,JAMMU AND KASHMIR,CAT 2,PET,AF130252602161,90,4441008700000569,PUNB0444100,1.4194,31936.5,,202604238175777,Filled,Invoice Uploaded,2026-04-23T12:54:36.810Z,"×
Success
data fetch success
×
Success
Invoice receipt updated successfully"
Registered,PRODUCER,UFLEX LIMITED,01AAACF0109J1ZE,JAMMU AND KASHMIR,CAT 2,PET,AF130252602184,90,4441008700000569,PUNB0444100,3.8018899999999998,99229.32,,202604238175780,Filled,Invoice Uploaded,2026-04-23T12:54:40.917Z,"×
Success
Invoice receipt updated successfully
×
Success
data fetch success"
Registered,PRODUCER,UFLEX LIMITED,01AAACF0109J1ZE,JAMMU AND KASHMIR,CAT 2,PET,AF130252602434,90,4441008700000569,PUNB0444100,4.67127,125283.45999999999,,202604238175786,Filled,Invoice Uploaded,2026-04-23T12:54:44.980Z,"×
Success
data fetch success
×
Success
Invoice receipt updated successfully"
Registered,PRODUCER,UFLEX LIMITED,01AAACF0109J1ZE,JAMMU AND KASHMIR,CAT 2,PET,AF130252602531,90,4441008700000569,PUNB0444100,0.60721,14099.42,,202604238175898,Filled,Invoice Uploaded,2026-04-23T12:54:48.902Z,"×
Success
data fetch success
×
Success
Invoice receipt updated successfully"
Registered,PRODUCER,UFLEX LIMITED,01AAACF0109J1ZE,JAMMU AND KASHMIR,CAT 2,PET,AF130252602555,90,4441008700000569,PUNB0444100,4.9872,115802.78,,202604238175903,Filled,Invoice Uploaded,2026-04-23T12:54:52.845Z,"×
Success
data fetch success
×
Success
Invoice receipt updated successfully"
Registered,PRODUCER,UFLEX LIMITED,01AAACF0109J1ZE,JAMMU AND KASHMIR,CAT 2,PET,AF130252602579,90,4441008700000569,PUNB0444100,5.6914,132154.3,,202604238175910,Filled,Invoice Uploaded,2026-04-23T12:54:56.856Z,"×
Success
Invoice receipt updated successfully
×
Success
data fetch success"
Registered,PRODUCER,UFLEX LIMITED,01AAACF0109J1ZE,JAMMU AND KASHMIR,CAT 2,PET,AF130252602645,90,4441008700000569,PUNB0444100,1.4094,32726.28,,202604238175912,Filled,Invoice Uploaded,2026-04-23T12:55:00.837Z,"×
Success
data fetch success
×
Success
Invoice receipt updated successfully"
Registered,PRODUCER,UFLEX LIMITED,01AAACF0109J1ZE,JAMMU AND KASHMIR,CAT 2,PET,AF130252602681,90,4441008700000569,PUNB0444100,7.435980000000001,199433,,202604238175919,Filled,Invoice Uploaded,2026-04-23T12:55:05.022Z,"×
Success
Invoice receipt updated successfully
×
Success
data fetch success"
Registered,PRODUCER,UFLEX LIMITED,01AAACF0109J1ZE,JAMMU AND KASHMIR,CAT 2,PET,AF130252602705,90,4441008700000569,PUNB0444100,1.4485999999999999,33636.5,,202604238175928,Filled,Invoice Uploaded,2026-04-23T12:55:09.039Z,"×
Success
data fetch success
×
Success
Invoice receipt updated successfully"
Registered,PRODUCER,UFLEX LIMITED,01AAACF0109J1ZE,JAMMU AND KASHMIR,CAT 2,PET,AF130252602724,90,4441008700000569,PUNB0444100,3.6152999999999995,83947.26,,202604238175934,Filled,Invoice Uploaded,2026-04-23T12:55:13.074Z,"×
Success
data fetch success
×
Success
Invoice receipt updated successfully"
Registered,PRODUCER,UFLEX LIMITED,01AAACF0109J1ZE,JAMMU AND KASHMIR,CAT 2,PET,AF130252602831,70,4441008700000569,PUNB0444100,0.59039,13390.04,,202604238175940,Filled,Invoice Uploaded,2026-04-23T12:55:16.880Z,"×
Success
data fetch success
×
Success
Invoice receipt updated successfully"
Registered,PRODUCER,UFLEX LIMITED,01AAACF0109J1ZE,JAMMU AND KASHMIR,CAT 2,PET,AF130252602842,90,4441008700000569,PUNB0444100,1.6300400000000002,46064.92,,202604238175943,Filled,Invoice Uploaded,2026-04-23T12:55:20.773Z,"×
Success
Invoice receipt updated successfully
×
Success
data fetch success"
Registered,PRODUCER,UFLEX LIMITED,01AAACF0109J1ZE,JAMMU AND KASHMIR,CAT 2,PET,AF130252602855,90,4441008700000569,PUNB0444100,6.689399999999999,189042.46000000002,,202604238175949,Filled,Invoice Uploaded,2026-04-23T12:55:25.312Z,"×
Success
data fetch success"
Registered,PRODUCER,UFLEX LIMITED,01AAACF0109J1ZE,JAMMU AND KASHMIR,CAT 2,PET,AF130252602984,90,4441008700000569,PUNB0444100,9.247660000000002,266332.60000000003,,202604238175955,Filled,Invoice Uploaded,2026-04-23T12:55:29.126Z,"×
Success
Invoice receipt updated successfully
×
Success
data fetch success"
Registered,PRODUCER,UFLEX LIMITED,01AAACF0109J1ZE,JAMMU AND KASHMIR,CAT 2,PET,AF130252603005,90,4441008700000569,PUNB0444100,1.4524000000000001,36077.62,,202604238175961,Filled,Invoice Uploaded,2026-04-23T12:55:33.768Z,"×
Success
data fetch success"
Registered,PRODUCER,UFLEX LIMITED,01AAACF0109J1ZE,JAMMU AND KASHMIR,CAT 2,PET,AF130252603037,90,4441008700000569,PUNB0444100,9.248000000000001,229720.32,,202604238175966,Filled,Invoice Uploaded,2026-04-23T12:55:37.637Z,"×
Success
data fetch success
×
Success
Invoice receipt updated successfully"
Registered,PRODUCER,UFLEX LIMITED,01AAACF0109J1ZE,JAMMU AND KASHMIR,CAT 2,PET,AF130252603049,90,4441008700000569,PUNB0444100,8.26049,234499.71999999997,,202604238175969,Filled,Invoice Uploaded,2026-04-23T12:55:41.481Z,"×
Success
data fetch success
×
Success
Invoice receipt updated successfully"
Registered,PRODUCER,UFLEX LIMITED,01AAACF0109J1ZE,JAMMU AND KASHMIR,CAT 2,PET,AF130252603088,90,4441008700000569,PUNB0444100,2.8244,70158.1,,202604238175976,Filled,Invoice Uploaded,2026-04-23T12:55:45.351Z,"×
Success
Invoice receipt updated successfully
×
Success
data fetch success"
Registered,PRODUCER,UFLEX LIMITED,01AAACF0109J1ZE,JAMMU AND KASHMIR,CAT 2,PET,AF130252603099,90,4441008700000569,PUNB0444100,1.4092,35004.52,,202604238175983,Filled,Invoice Uploaded,2026-04-23T12:55:49.247Z,"×
Success
data fetch success
×
Success
Invoice receipt updated successfully"
Registered,PRODUCER,UFLEX LIMITED,01AAACF0109J1ZE,JAMMU AND KASHMIR,CAT 2,PET,AF130252603129,90,4441008700000569,PUNB0444100,2.10085,60504.48,,202604238175989,Filled,Invoice Uploaded,2026-04-23T12:55:53.480Z,"×
Success
Invoice receipt updated successfully
×
Success
data fetch success"
Registered,PRODUCER,UFLEX LIMITED,01AAACF0109J1ZE,JAMMU AND KASHMIR,CAT 2,PET,AF130252603214,90,4441008700000569,PUNB0444100,3.18886,80933.26,,202604238175994,Filled,Invoice Uploaded,2026-04-23T12:55:57.414Z,"×
Success
data fetch success
×
Success
Invoice receipt updated successfully"
Registered,PRODUCER,UFLEX LIMITED,01AAACF0109J1ZE,JAMMU AND KASHMIR,CAT 2,PET,AF130252603243,90,4441008700000569,PUNB0444100,2.09205,61380.74,,202604238175997,Filled,Invoice Uploaded,2026-04-23T12:56:01.296Z,"×
Success
data fetch success
×
Success
Invoice receipt updated successfully"
Registered,PRODUCER,UFLEX LIMITED,01AAACF0109J1ZE,JAMMU AND KASHMIR,CAT 2,PET,AF130252603251,90,4441008700000569,PUNB0444100,0.7002999999999999,17773.62,,202604238176001,Filled,Invoice Uploaded,2026-04-23T12:56:05.058Z,"×
Success
data fetch success
×
Success
Invoice receipt updated successfully"
Registered,PRODUCER,UFLEX LIMITED,01AAACF0109J1ZE,JAMMU AND KASHMIR,CAT 2,PET,AF130252603300,90,4441008700000569,PUNB0444100,14.25174,418146.06,,202604238176008,Filled,Invoice Uploaded,2026-04-23T12:56:08.992Z,"×
Success
data fetch success
×
Success
Invoice receipt updated successfully"
Registered,PRODUCER,UFLEX LIMITED,01AAACF0109J1ZE,JAMMU AND KASHMIR,CAT 2,PET,AF130252603361,90,4441008700000569,PUNB0444100,1.412,35836.56,,202604238176011,Filled,Invoice Uploaded,2026-04-23T12:56:12.824Z,"×
Success
data fetch success
×
Success
Invoice receipt updated successfully"
Registered,PRODUCER,UFLEX LIMITED,01AAACF0109J1ZE,JAMMU AND KASHMIR,CAT 2,PET,AF130252603380,90,4441008700000569,PUNB0444100,9.8726,250566.6,,202604238176016,Filled,Invoice Uploaded,2026-04-23T12:56:16.759Z,"×
Success
Invoice receipt updated successfully
×
Success
data fetch success"
Registered,PRODUCER,UFLEX LIMITED,01AAACF0109J1ZE,JAMMU AND KASHMIR,CAT 2,PET,AF130252603445,90,4441008700000569,PUNB0444100,10.54365,309350.68,,202604238176021,Filled,Invoice Uploaded,2026-04-23T12:56:20.790Z,"×
Success
data fetch success
×
Success
Invoice receipt updated successfully"
Registered,PRODUCER,UFLEX LIMITED,01AAACF0109J1ZE,JAMMU AND KASHMIR,CAT 2,PET,AF130252603470,90,4441008700000569,PUNB0444100,0.62267,14458.4,,202604238176025,Filled,Invoice Uploaded,2026-04-23T12:56:28.352Z,"×
Success
data fetch success
×
Success
Invoice receipt updated successfully"
Registered,PRODUCER,UFLEX LIMITED,01AAACF0109J1ZE,JAMMU AND KASHMIR,CAT 2,PET,AF130252603501,90,4441008700000569,PUNB0444100,2.4773199999999997,73130.5,,202604238176031,Filled,Invoice Uploaded,2026-04-23T12:56:32.433Z,"×
Success
data fetch success
×
Success
Invoice receipt updated successfully"
Registered,PRODUCER,UFLEX LIMITED,01AAACF0109J1ZE,JAMMU AND KASHMIR,CAT 2,PET,AF130252603505,90,4441008700000569,PUNB0444100,0.42221,14895.56,,202604238176035,Filled,Invoice Uploaded,2026-04-23T12:56:36.306Z,"×
Success
Invoice receipt updated successfully
×
Success
data fetch success"
Registered,PRODUCER,UFLEX LIMITED,01AAACF0109J1ZE,JAMMU AND KASHMIR,CAT 2,PET,AF130252603513,90,4441008700000569,PUNB0444100,5.46573,212507.58,,202604238176038,Filled,Invoice Uploaded,2026-04-23T12:56:40.080Z,"×
Success
data fetch success
×
Success
Invoice receipt updated successfully"
Registered,PRODUCER,UFLEX LIMITED,01AAACF0109J1ZE,JAMMU AND KASHMIR,CAT 2,PET,AF130252603544,90,4441008700000569,PUNB0444100,12.0218,398162.02,,202604238176042,Filled,Invoice Uploaded,2026-04-23T12:56:43.916Z,"×
Success
Invoice receipt updated successfully
×
Success
data fetch success"
Registered,PRODUCER,UFLEX LIMITED,01AAACF0109J1ZE,JAMMU AND KASHMIR,CAT 2,PET,AF130252603570,90,4441008700000569,PUNB0444100,3.6340899999999996,129730.3,,202604238176048,Filled,Invoice Uploaded,2026-04-23T12:56:47.786Z,"×
Success
data fetch success
×
Success
Invoice receipt updated successfully"
Registered,PRODUCER,UFLEX LIMITED,01AAACF0109J1ZE,JAMMU AND KASHMIR,CAT 2,PET,AF130252603602,90,4441008700000569,PUNB0444100,2.07681,74391.34,,202604238176054,Filled,Invoice Uploaded,2026-04-23T12:56:51.823Z,"×
Success
data fetch success
×
Success
Invoice receipt updated successfully"
Registered,PRODUCER,UFLEX LIMITED,01AAACF0109J1ZE,JAMMU AND KASHMIR,CAT 2,PET,AF130252603633,90,4441008700000569,PUNB0444100,6.5483,237704.80000000002,,202604238176060,Filled,"Failed: locator.click: Element is not visible
Call log:
[2m  - waiting for locator('.modal-dialog:has-text(""Upload Invoice"")').first().locator('button.btn.btn-primary').filter({ hasText: 'Upload' }).first()[22m
[2m    - locator resolved to <button _ngcontent-ng-c4266263745="""" class=""btn btn-primary float-end m-3"">Upload Invoice</button>[22m
[2m  - attempting click action[22m
[2m    - scrolling into view if needed[22m",2026-04-23T12:57:28.739Z,"locator.click: Element is not visible
Call log:
[2m  - waiting for locator('.modal-dialog:has-text(""Upload Invoice"")').first().locator('button.btn.btn-primary').filter({ hasText: 'Upload' }).first()[22m
[2m    - locator resolved to <button _ngcontent-ng-c4266263745="""" class=""btn btn-primary float-end m-3"">Upload Invoice</button>[22m
[2m  - attempting click action[22m
[2m    - scrolling into view if needed[22m
"
Registered,PRODUCER,UFLEX LIMITED,01AAACF0109J1ZE,JAMMU AND KASHMIR,CAT 2,PET,AF130252603646,90,4441008700000569,PUNB0444100,2.39917,95131.5,,202604238176066,Filled,Invoice Uploaded,2026-04-23T12:57:32.717Z,"×
Success
Invoice receipt updated successfully
×
Success
data fetch success"
Registered,PRODUCER,UFLEX LIMITED,01AAACF0109J1ZE,JAMMU AND KASHMIR,CAT 2,PET,AF130252603689,90,4441008700000569,PUNB0444100,7.38934,307248.76,,202604238176069,Filled,Invoice Uploaded,2026-04-23T12:57:36.792Z,"×
Success
data fetch success
×
Success
Invoice receipt updated successfully"
Registered,PRODUCER,UFLEX LIMITED,01AAACF0109J1ZE,JAMMU AND KASHMIR,CAT 2,PET,AF130252603722,90,4441008700000569,PUNB0444100,10.25065,426222.04,,202604238176072,Filled,Invoice Uploaded,2026-04-23T12:57:40.915Z,"×
Success
Invoice receipt updated successfully
×
Success
data fetch success"
Registered,PRODUCER,UFLEX LIMITED,01AAACF0109J1ZE,JAMMU AND KASHMIR,CAT 2,PET,AF130252603749,70,4441008700000569,PUNB0444100,13.817120000000001,507364.66000000003,,202604238176075,Filled,Invoice Uploaded,2026-04-23T12:57:44.931Z,"×
Success
data fetch success
×
Success
Invoice receipt updated successfully"
Registered,PRODUCER,UFLEX LIMITED,01AAACF0109J1ZE,JAMMU AND KASHMIR,CAT 2,PET,AF130252603755,70,4441008700000569,PUNB0444100,13.88232,509758.80000000005,,202604238176080,Filled,Invoice Uploaded,2026-04-23T12:57:48.822Z,"×
Success
data fetch success
×
Success
Invoice receipt updated successfully"
Registered,PRODUCER,UFLEX LIMITED,01AAACF0109J1ZE,JAMMU AND KASHMIR,CAT 2,PET,AF130252603757,70,4441008700000569,PUNB0444100,5.20777,191229.32,,202604238176083,Filled,Invoice Uploaded,2026-04-23T12:57:52.670Z,"×
Success
data fetch success
×
Success
Invoice receipt updated successfully"
Registered,PRODUCER,UFLEX LIMITED,01AAACF0109J1ZE,JAMMU AND KASHMIR,CAT 2,PET,AF130252603759,70,4441008700000569,PUNB0444100,13.25759,486818.7,,202604238176087,Filled,Invoice Uploaded,2026-04-23T12:57:56.674Z,"×
Success
Invoice receipt updated successfully
×
Success
data fetch success"
Registered,PRODUCER,UFLEX LIMITED,01AAACF0109J3ZC,JAMMU AND KASHMIR,CAT 2,PET,AF130252600989,30,4441008700000569,PUNB0444100,10.590819999999999,224949,,202604238176092,Filled,Failed: PDF not found for invoice last4: 0989,2026-04-23T12:57:59.097Z,PDF not found for invoice last4: 0989
Registered,PRODUCER,UFLEX LIMITED,01AAACF0109J3ZC,JAMMU AND KASHMIR,CAT 2,PET,AF130252601249,30,4441008700000569,PUNB0444100,3.97796,90220.14,,202604238176096,Filled,Invoice Uploaded,2026-04-23T12:58:20.984Z,"×
Success
Invoice receipt updated successfully
×
Success
data fetch success"
Registered,PRODUCER,UFLEX LIMITED,01AAACF0109J3ZC,JAMMU AND KASHMIR,CAT 2,PET,AF130252601296,30,4441008700000569,PUNB0444100,10.16081,230447.2,,202604238176099,Filled,Invoice Uploaded,2026-04-23T12:58:24.869Z,"×
Success
data fetch success
×
Success
Invoice receipt updated successfully"
Registered,PRODUCER,UFLEX LIMITED,01AAACF0109J3ZC,JAMMU AND KASHMIR,CAT 2,PET,AF130252601308,30,4441008700000569,PUNB0444100,14.91049,334004.45999999996,,202604238176103,Filled,Invoice Uploaded,2026-04-23T12:58:28.934Z,"×
Success
Invoice receipt updated successfully
×
Success
data fetch success"
Registered,PRODUCER,UFLEX LIMITED,01AAACF0109J3ZC,JAMMU AND KASHMIR,CAT 2,PET,AF130252601311,30,4441008700000569,PUNB0444100,2.91387,66086.56,,202604238176107,Filled,Invoice Uploaded,2026-04-23T12:58:32.875Z,"×
Success
data fetch success
×
Success
Invoice receipt updated successfully"
Registered,PRODUCER,UFLEX LIMITED,01AAACF0109J3ZC,JAMMU AND KASHMIR,CAT 2,PET,AF130252601315,30,4441008700000569,PUNB0444100,1.93517,41799.68,,202604238176111,Filled,Invoice Uploaded,2026-04-23T12:58:36.951Z,"×
Success
data fetch success
×
Success
Invoice receipt updated successfully"
Registered,PRODUCER,UFLEX LIMITED,01AAACF0109J3ZC,JAMMU AND KASHMIR,CAT 2,PET,AF130252601482,30,4441008700000569,PUNB0444100,8.17757,167879.6,,202604238176116,Filled,Invoice Uploaded,2026-04-23T12:58:40.933Z,"×
Success
data fetch success
×
Success
Invoice receipt updated successfully"
Registered,PRODUCER,UFLEX LIMITED,01AAACF0109J3ZC,JAMMU AND KASHMIR,CAT 2,PET,AF130252601504,30,4441008700000569,PUNB0444100,0.48416000000000003,10719.3,,202604238176122,Filled,Invoice Uploaded,2026-04-23T12:58:44.824Z,"×
Success
Invoice receipt updated successfully
×
Success
data fetch success"
Registered,PRODUCER,UFLEX LIMITED,01AAACF0109J3ZC,JAMMU AND KASHMIR,CAT 2,PET,AF130252601534,30,4441008700000569,PUNB0444100,3.16934,65605.34,,202604238176126,Filled,Invoice Uploaded,2026-04-23T12:58:48.710Z,"×
Success
data fetch success
×
Success
Invoice receipt updated successfully"
Registered,PRODUCER,UFLEX LIMITED,01AAACF0109J3ZC,JAMMU AND KASHMIR,CAT 2,PET,AF130252601603,30,4441008700000569,PUNB0444100,7.5681,156659.68,,202604238176130,Filled,Invoice Uploaded,2026-04-23T12:58:52.619Z,"×
Success
Invoice receipt updated successfully
×
Success
data fetch success"
Registered,PRODUCER,UFLEX LIMITED,01AAACF0109J3ZC,JAMMU AND KASHMIR,CAT 2,PET,AF130252601627,30,4441008700000569,PUNB0444100,4.4499200000000005,92113.36,,202604238176135,Filled,Invoice Uploaded,2026-04-23T12:58:56.500Z,"×
Success
data fetch success
×
Success
Invoice receipt updated successfully"
Registered,PRODUCER,UFLEX LIMITED,01AAACF0109J3ZC,JAMMU AND KASHMIR,CAT 2,PET,AF130252601672,30,4441008700000569,PUNB0444100,9.14494,188610.4,,202604238176141,Filled,Invoice Uploaded,2026-04-23T12:59:00.453Z,"×
Success
data fetch success
×
Success
Invoice receipt updated successfully"
Registered,PRODUCER,UFLEX LIMITED,01AAACF0109J3ZC,JAMMU AND KASHMIR,CAT 2,PET,AF130252601673,30,4441008700000569,PUNB0444100,8.20785,169902.5,,202604238176146,Filled,Invoice Uploaded,2026-04-23T12:59:04.319Z,"×
Success
data fetch success
×
Success
Invoice receipt updated successfully"
Registered,PRODUCER,UFLEX LIMITED,01AAACF0109J3ZC,JAMMU AND KASHMIR,CAT 2,PET,AF130252601673,70,4441008700000569,PUNB0444100,1.38102,28338.54,,202604238176150,Filled,Invoice Uploaded,2026-04-23T12:59:08.300Z,"×
Success
Invoice receipt updated successfully
×
Success
data fetch success"
Registered,PRODUCER,UFLEX LIMITED,01AAACF0109J3ZC,JAMMU AND KASHMIR,CAT 2,PET,AF130252601776,30,4441008700000569,PUNB0444100,4.249639999999999,94087.04000000001,,202604238176153,Filled,Invoice Uploaded,2026-04-23T12:59:12.197Z,"×
Success
data fetch success
×
Success
Invoice receipt updated successfully"
Registered,PRODUCER,UFLEX LIMITED,01AAACF0109J3ZC,JAMMU AND KASHMIR,CAT 2,PET,AF130252601790,30,4441008700000569,PUNB0444100,3.21469,71173.23999999999,,202604238176158,Filled,Invoice Uploaded,2026-04-23T12:59:16.153Z,"×
Success
Invoice receipt updated successfully
×
Success
data fetch success"
Registered,PRODUCER,UFLEX LIMITED,01AAACF0109J3ZC,JAMMU AND KASHMIR,CAT 2,PET,AF130252601792,30,4441008700000569,PUNB0444100,6.314909999999999,139812.1,,202604238176162,Filled,Invoice Uploaded,2026-04-23T12:59:20.092Z,"×
Success
data fetch success
×
Success
Invoice receipt updated successfully"
Registered,PRODUCER,UFLEX LIMITED,01AAACF0109J3ZC,JAMMU AND KASHMIR,CAT 2,PET,AF130252601870,30,4441008700000569,PUNB0444100,8.531130000000001,188879.22,,202604238176168,Filled,Invoice Uploaded,2026-04-23T12:59:23.972Z,"×
Success
data fetch success
×
Success
Invoice receipt updated successfully"
Registered,PRODUCER,UFLEX LIMITED,01AAACF0109J3ZC,JAMMU AND KASHMIR,CAT 2,PET,AF130252601957,30,4441008700000569,PUNB0444100,4.75343,105240.95999999999,,202604238176173,Filled,Invoice Uploaded,2026-04-23T12:59:27.800Z,"×
Success
data fetch success
×
Success
Invoice receipt updated successfully"
Registered,PRODUCER,UFLEX LIMITED,01AAACF0109J3ZC,JAMMU AND KASHMIR,CAT 2,PET,AF130252601957,90,4441008700000569,PUNB0444100,0.73739,16856.74,,202604238176176,Filled,Invoice Uploaded,2026-04-23T12:59:31.653Z,"×
Success
Invoice receipt updated successfully
×
Success
data fetch success"
Registered,PRODUCER,UFLEX LIMITED,01AAACF0109J3ZC,JAMMU AND KASHMIR,CAT 2,PET,AF130252602079,30,4441008700000569,PUNB0444100,4.20252,91530.87999999999,,202604238176179,Filled,Invoice Uploaded,2026-04-23T12:59:35.590Z,"×
Success
data fetch success
×
Success
Invoice receipt updated successfully"
Registered,PRODUCER,UFLEX LIMITED,01AAACF0109J3ZC,JAMMU AND KASHMIR,CAT 2,PET,AF130252602101,30,4441008700000569,PUNB0444100,3.5612600000000003,77564.24,,202604238176184,Filled,Invoice Uploaded,2026-04-23T12:59:39.440Z,"×
Success
Invoice receipt updated successfully
×
Success
data fetch success"
Registered,PRODUCER,UFLEX LIMITED,01AAACF0109J3ZC,JAMMU AND KASHMIR,CAT 2,PET,AF130252602116,30,4441008700000569,PUNB0444100,4.68749,102093.54000000001,,202604238176186,Filled,Invoice Uploaded,2026-04-23T12:59:43.286Z,"×
Success
data fetch success
×
Success
Invoice receipt updated successfully"
Registered,PRODUCER,UFLEX LIMITED,01AAACF0109J3ZC,JAMMU AND KASHMIR,CAT 2,PET,AF130252602128,30,4441008700000569,PUNB0444100,8.44824,184002.66,,202604238176191,Filled,Invoice Uploaded,2026-04-23T12:59:47.357Z,"×
Success
data fetch success
×
Success
Invoice receipt updated successfully"
Registered,PRODUCER,UFLEX LIMITED,01AAACF0109J3ZC,JAMMU AND KASHMIR,CAT 2,PET,AF130252602252,30,4441008700000569,PUNB0444100,0.50447,10987.36,,202604238176196,Filled,Invoice Uploaded,2026-04-23T12:59:51.219Z,"×
Success
data fetch success
×
Success
Invoice receipt updated successfully"
Registered,PRODUCER,UFLEX LIMITED,01AAACF0109J3ZC,JAMMU AND KASHMIR,CAT 2,PET,AF130252602296,30,4441008700000569,PUNB0444100,0.52815,11503.1,,202604238176198,Filled,Invoice Uploaded,2026-04-23T12:59:58.129Z,"×
Success
Invoice receipt updated successfully"
Registered,PRODUCER,UFLEX LIMITED,01AAACF0109J3ZC,JAMMU AND KASHMIR,CAT 2,PET,AF130252602297,30,4441008700000569,PUNB0444100,10.39216,226341.26,,202604238176203,Filled,Invoice Uploaded,2026-04-23T13:00:01.998Z,"×
Success
data fetch success
×
Success
Invoice receipt updated successfully"
Registered,PRODUCER,UFLEX LIMITED,01AAACF0109J3ZC,JAMMU AND KASHMIR,CAT 2,PET,AF130252602343,30,4441008700000569,PUNB0444100,6.23084,135707.68,,202604238176206,Filled,Invoice Uploaded,2026-04-23T13:00:05.981Z,"×
Success
data fetch success
×
Success
Invoice receipt updated successfully"
Registered,PRODUCER,UFLEX LIMITED,01AAACF0109J3ZC,JAMMU AND KASHMIR,CAT 2,PET,AF130252602425,30,4441008700000569,PUNB0444100,0.53939,11747.92,,202604238176319,Filled,Invoice Uploaded,2026-04-23T13:00:09.824Z,"×
Success
data fetch success
×
Success
Invoice receipt updated successfully"
Registered,PRODUCER,UFLEX LIMITED,01AAACF0109J3ZC,JAMMU AND KASHMIR,CAT 2,PET,AF130252602594,30,4441008700000569,PUNB0444100,2.10215,45028.06,,202604238176219,Filled,Invoice Uploaded,2026-04-23T13:00:13.826Z,"×
Success
Invoice receipt updated successfully
×
Success
data fetch success"
Registered,PRODUCER,UFLEX LIMITED,01AAACF0109J3ZC,JAMMU AND KASHMIR,CAT 2,PET,AF130252602600,30,4441008700000569,PUNB0444100,4.00516,90116.1,,202604238176222,Filled,Invoice Uploaded,2026-04-23T13:00:17.725Z,"×
Success
data fetch success
×
Success
Invoice receipt updated successfully"
Registered,PRODUCER,UFLEX LIMITED,01AAACF0109J3ZC,JAMMU AND KASHMIR,CAT 2,PET,AF130252602640,30,4441008700000569,PUNB0444100,1.4082999999999999,30165.78,,202604238176225,Filled,Invoice Uploaded,2026-04-23T13:00:21.590Z,"×
Success
Invoice receipt updated successfully
×
Success
data fetch success"
Registered,PRODUCER,UFLEX LIMITED,01AAACF0109J3ZC,JAMMU AND KASHMIR,CAT 2,PET,AF130252602654,30,4441008700000569,PUNB0444100,0.70045,15003.64,,202604238176228,Filled,Invoice Uploaded,2026-04-23T13:00:25.466Z,"×
Success
data fetch success
×
Success
Invoice receipt updated successfully"
Registered,PRODUCER,UFLEX LIMITED,01AAACF0109J3ZC,JAMMU AND KASHMIR,CAT 2,PET,AF130252602763,30,4441008700000569,PUNB0444100,3.21814,72408.16,,202604238176232,Filled,Invoice Uploaded,2026-04-23T13:00:29.343Z,"×
Success
data fetch success
×
Success
Invoice receipt updated successfully"
Registered,PRODUCER,UFLEX LIMITED,01AAACF0109J3ZC,JAMMU AND KASHMIR,CAT 2,PET,AF130252602773,30,4441008700000569,PUNB0444100,7.3252999999999995,158796.92,,202604238176236,Filled,Invoice Uploaded,2026-04-23T13:00:33.210Z,"×
Success
data fetch success
×
Success
Invoice receipt updated successfully"
Registered,PRODUCER,UFLEX LIMITED,01AAACF0109J3ZC,JAMMU AND KASHMIR,CAT 2,PET,AF130252602775,30,4441008700000569,PUNB0444100,8.97625,192271.28,,202604238176239,Filled,Invoice Uploaded,2026-04-23T13:00:37.210Z,"×
Success
Invoice receipt updated successfully
×
Success
data fetch success"
